{"cameraMode":{"drawMode":0,"name":"Shaded","section":"Shading Mode"},"sceneLighting":true,"audioPlay":false,"sceneViewState":{"showFog":true,"showMaterialUpdate":false,"showSkybox":true,"showFlares":true,"showImageEffects":true,"showParticleSystems":true},"in2DMode":false,"pivot":{"x":11.052990913391114,"y":-7.516101837158203,"z":2.0253491401672365},"rotation":{"x":-0.30504167079925539,"y":0.6539428234100342,"z":-0.3268507421016693,"w":-0.6103089451789856},"size":56.0949821472168,"orthographic":false}